rank,image
1,https://i.scdn.co/image/ab67616d0000b273d298977335b1d7dee61a3b48
2,https://i.scdn.co/image/ab67616d0000b2736b2e2d85fd6f8248853796f2
3,https://i.scdn.co/image/ab67616d0000b27390e89e3afc4441bf36720a73
4,https://i.scdn.co/image/ab67616d0000b273292e4617a6f554d377246410
5,https://i.scdn.co/image/ab67616d0000b273a90882b09f3318f9e8b24113
6,https://i.scdn.co/image/ab67616d0000b273840fe118b9dec83f68f4d468
7,https://i.scdn.co/image/ab67616d0000b273389fc59628b5167f3a0f4f86
8,https://i.scdn.co/image/ab67616d0000b273961e3a95059356395c96d564
9,https://i.scdn.co/image/ab67616d0000b273e2503448230408a6ead4ba20
10,https://i.scdn.co/image/ab67616d0000b27364e59ba8129ddf22cc254111
11,https://i.scdn.co/image/ab67616d0000b2738ad1566266a71167b13270d5
12,https://i.scdn.co/image/ab67616d0000b27351d9eefb72e70e7a19bab43b
13,https://i.scdn.co/image/ab67616d0000b273c06bab94070cbf36cf86ca64
14,https://i.scdn.co/image/ab67616d0000b273764b9ea18d81b062b454d261
15,https://i.scdn.co/image/ab67616d0000b273d6d4243aeb475126c0a4055f
16,https://i.scdn.co/image/ab67616d0000b273f3d986b6d7c6559ee9207566
17,https://i.scdn.co/image/ab67616d0000b27387d20b9a27d5e14d74b5cb77
18,https://i.scdn.co/image/ab67616d0000b273266680614c5d8c0e16c080d1
19,https://i.scdn.co/image/ab67616d0000b27312c21b57fe382fdbde6f5d8d
20,https://i.scdn.co/image/ab67616d0000b273ca3813f314584268a69ee78e
21,https://i.scdn.co/image/ab67616d0000b27338eaff9ad91c20e595e791f4
22,https://i.scdn.co/image/ab67616d0000b273764b9ea18d81b062b454d261
23,https://i.scdn.co/image/ab67616d0000b27308265c46d4fb7fe9b7035484
24,https://i.scdn.co/image/ab67616d0000b27387d20b9a27d5e14d74b5cb77
25,https://i.scdn.co/image/ab67616d0000b273f2601cf9cb0bcd2edceec35d
26,https://i.scdn.co/image/ab67616d0000b2732e6c4baa18ad87463faba471
27,https://i.scdn.co/image/ab67616d0000b273204b1e5afa0f9739e2942f40
28,https://i.scdn.co/image/ab67616d0000b2736f52b773e1cfabd65595c0e3
29,https://i.scdn.co/image/ab67616d0000b27379ab73f6bfebec7c0e85f922
30,https://i.scdn.co/image/ab67616d0000b2733fbb3f76135d2bf04b59cf43
31,https://i.scdn.co/image/ab67616d0000b273334d5306396b48bcd1242e9f
32,https://i.scdn.co/image/ab67616d0000b2730b8279bf9ca1269385650211
33,https://lh3.googleusercontent.com/UM0SnLFt9jX4gEe4HxleA7VFNm2PjUjdUUbaWWTV2BG2D8WjIyl2_kz5CIqFuG4aQBqIPjGTHdOUbJJUkQ=w60-h60-l90-rj
34,https://i.scdn.co/image/ab67616d0000b27390e89e3afc4441bf36720a73
35,https://i.scdn.co/image/ab67616d0000b273779861ea900c5e7ed1504eab
36,https://i.scdn.co/image/ab67616d0000b273e097d87f3d3580aecfbba1eb
37,https://i.scdn.co/image/ab67616d0000b2731c58b2948b145a2ab4602ba0
38,https://i.scdn.co/image/ab67616d0000b273e48bafa795ea44916cf134ca
39,https://i.scdn.co/image/ab67616d0000b273f7fedb838f35a3e7d61b8ee4
40,https://i.scdn.co/image/ab67616d0000b273be4966d4cd548e45b61d8a47
41,https://i.scdn.co/image/ab67616d0000b2738a28f73f3836b59e9f3f7e0e
42,https://i.scdn.co/image/ab67616d0000b273842a80b957da0f47dd714259
43,https://i.scdn.co/image/ab67616d0000b2738d3889a4c7e69f91886d7068
44,https://i.scdn.co/image/ab67616d0000b2735c3e66789cfd2c63a3535f9c
45,https://i.scdn.co/image/ab67616d0000b27334347b639c35a6e57664fb38
46,https://i.scdn.co/image/ab67616d0000b27334347b639c35a6e57664fb38
47,https://lh3.googleusercontent.com/cTMnHEb8FF34AIMKnEGeSC8waNNtD4aRnv9lwaaWPPjCpy_I8NoLksSpEpchJaRRxfcXF3DGCnfdFFRo=w60-h60-l90-rj
48,https://i.scdn.co/image/ab67616d0000b27387d20b9a27d5e14d74b5cb77
49,https://i.scdn.co/image/ab67616d0000b273b1baeaf4d2851eb628ef11fa
50,https://i.scdn.co/image/ab67616d0000b273bb9d658afaee007d4bdd7a07
