rank,album,artist,apple,audiomark,deezer,boom,RT
1,High Tension 2.0,Dangbana Republik & Bella Shmurda,1,2,4,15,10.75
2,UY Scuti,Olamide,6,1,14,1,21.25
3,Made In Lagos,Wizkid,4,7,13,11,26.75
4,"Kpos Lifestyle, Vol. 1",Ajebo Hustlers,3,15,2,37,29.25
5,Twice As Tall,Burna Boy,11,10,17,6,39.5
6,LV N ATTN,EP - Lojay & Sarz,2,30,5,42,47.5
7,WONDALAND,Teni,18,4,26,9,50.25
8,Somewhere Between Beauty & Magic,Joeboy,30,5,21,2,56.5
9,A Better Time,Davido,17,14,25,14,59.5
10,TOP MEMBA,Kida Kudz,12,27,6,79,64.75
11,APOLLO,Fireboy DML,34,6,41,8,83.0
12,Sex Over Love,Blaqbonez,21,20,31,44,83.0
13,Boo of the Booless,Chike,23,37,35,10,97.5
14,A True Champion,Rexxie,26,9,62,59,111.75
15,High Tension,Bella Shmurda,51,3,51,49,117.25
16,Man Of Galilee,Judikay,28,24,81,18,137.5
17,Get Layd,EP - Omah Lay,53,16,65,21,139.25
18,Superstar,Wizkid,33,48,52,41,143.25
19,"Laughter, Tears & Goosebumps",Fireboy DML,47,17,87,20,156.0
20,What Have We Done,EP - Omah Lay,57,11,97,7,166.75
21,Cultural Praise,KCee & Okwesili Eze Group,19,49,82,76,169.0
22,Moon Boy,Yung Bleu,5,28,10,520,173.0
23,A Good Time,Davido,43,47,68,64,174.0
24,Carpe Diem,Olamide,55,8,128,4,192.0
25,Clone Wars Vol. 5 - The Algorhythm,The Algorhythm - Show Dem Camp,20,141,24,38,194.5
26,Please Excuse Me for Being Antisocial,Roddy Ricch,37,19,129,45,196.25
27,For Broken Ears,Tems,36,51,70,520,287.0
28,ROOTS,The Cavemen.,15,132,30,520,307.0
29,OXYGENE,EP - Oxlade,93,73,39,520,335.0
30,Haitian Boy Kodak,Kodak Black,70,71,78,520,349.0
31,Wild West,Central Cee,105,78,37,520,350.0
32,Outside,Burna Boy,69,203,69,68,358.0
33,THE GOAT,Polo G,61,13,158,520,362.0
34,Yabasi,Basketmouth,54,119,66,520,369.0
35,"Afro Pop, Vol. 1",Adekunle Gold,121,23,113,520,387.0
36,King Of Love,Kizz Daniel,243,44,108,33,403.25
37,Off the Yak,Young M.A,129,40,121,520,420.0
38,High Off Life,Future,80,21,196,520,427.0
39,Boyfriend,CKay,67,41,320,51,440.75
40,Light,MohBad,98,18,200,520,446.0
41,Gratitude,Timaya,172,29,247,89,470.25
42,SAVAGE MODE II,21 Savage & Metro Boomin,149,57,137,520,473.0
43,Nothing To Prove,EP - Victor AD,177,162,141,3,480.75
44,Slime Language 2 (Deluxe),"Young Stoner Life, Young Thug & Gunna",58,85,218,520,491.0
45,PANDEMIC,EP - Ruger,8,510,11,5,530.25
46,The Voice of the Heroes,Lil Baby & Lil Durk,9,510,20,46,550.5
47,Justice,Justin Bieber,24,510,16,35,558.75
48,Hall of Fame,Polo G,16,510,18,67,560.75
49,African Giant,Burna Boy,22,510,23,27,561.75
50,Heaven Or Hell,Don Toliver,153,182,100,520,565.0
51,We're All Alone In This Together,Dave,52,510,1,13,566.25
52,Love or the Word (EP),Jaywillz,48,510,15,12,576.0
53,No Pressure,Sarkodie,178,188,88,520,584.0
54,SATISFIED,Mercy Chinwo,60,69,450,22,584.5
55,Legends Never Die,Juice WRLD,50,510,27,48,599.0
56,Faith (Deluxe),Pop Smoke,102,510,9,26,627.5
57,Original Vibe Machine,1da Banton,46,510,56,86,633.5
58,Sweetness,EP - Obongjayar & Sarz,7,510,3,520,650.0
59,Death Race For Love,Juice WRLD,88,510,42,72,658.0
60,Planet Her,Doja Cat,10,510,22,520,672.0
61,...Shall We Begin...,Laycon,31,66,450,520,677.0
62,Rum & Boogie,Peruzzi,79,26,450,520,685.0
63,Shoot For The Stars Aim For The Moon,Pop Smoke,27,510,138,81,695.25
64,The Voice (Deluxe),Lil Durk,25,510,40,520,705.0
65,Big Conspiracy,J Hus,32,510,33,520,705.0
66,Simisola,Simi,215,32,450,43,707.75
67,PSYCHODRAMA,Dave,49,510,19,520,708.0
68,Ea$t N We$t,EP - Dremo & Jeriq,125,510,60,57,709.25
69,Culture III,Migos,13,510,58,520,711.0
70,Before the Chaos (-EP),P - Erigga,115,510,89,32,722.0
71,Top,YoungBoy Never Broke Again,78,64,450,520,722.0
72,SoulFly,Rod Wave,35,510,49,520,724.0
73,Welcome to O'Block,King Von,500,34,63,520,727.0
74,The Message,Minister GUC,83,68,450,520,731.0
75,F*CK LOVE 3: OVER YOU,The Kid LAROI,86,510,7,520,733.0
76,KHALED KHALED,DJ Khaled,39,510,57,520,736.0
77,My Turn (Deluxe),Lil Baby,38,510,67,520,745.0
78,SoundMan Vol. 1,StarBoy,42,510,64,520,746.0
79,Love & Light,Joeboy,500,35,207,56,756.0
80,Hollywood's Bleeding,Post Malone,74,510,47,520,761.0
81,We Outside,EP - Tory Lanez,96,510,28,520,764.0
82,I'll Say It For You,Dax,500,33,107,520,770.0
83,Old Church Basement,Elevation Worship & Maverick City Music,29,510,102,520,771.0
84,WUNNA,Gunna,65,128,450,520,773.0
85,7 EP,Lil Nas X,500,65,79,520,774.0
86,Sounds From The Other Side,Wizkid,76,510,59,520,775.0
87,JESUS IS KING,Kanye West,101,510,34,520,775.0
88,The Palmwine Express,Show Dem Camp,92,106,450,520,778.0
89,Zulu Man With Some Power,Nasty C,95,510,43,520,778.0
90,The Gospel of the Kingdom,Dunsin Oyekan,40,510,232,24,788.0
91,Product of My Environment,Abra Cadabra,66,510,84,520,790.0
92,Razor,Cheque,500,39,127,520,796.0
93,While The World Was Burning,SAINt JHN,64,510,93,520,797.0
94,2014 Forest Hills Drive,J. Cole,111,510,46,520,797.0
95,Happier Than Ever,Billie Eilish,84,510,76,520,800.0
96,ASTROWORLD,Travis Scott,44,510,118,520,802.0
97,Too Late Too Lit,KDDO,89,133,450,520,802.0
98,JORDI (Deluxe),Maroon 5,116,510,154,92,803.0
99,All Over The Place (Platinum VIP Edition),KSI,136,510,29,520,805.0
100,Meet The Woo 2,Pop Smoke,56,510,109,520,805.0
101,Herstory in the Making,Young M.A,500,72,103,520,805.0
102,Tribl I,Tribl & Maverick City Music,81,510,86,520,807.0
103,Destined 2 Win,Lil Tjay,114,510,54,520,808.0
104,I Love Girls With Trobul,Sarz & WurlD,142,90,450,520,812.0
105,Happy Birthday Kodak,Kodak Black,500,63,124,520,817.0
106,2 in 1,DARKOO,103,510,80,520,823.0
107,Life of Betrayal 2x,Yungeen Ace,500,25,169,520,824.0
108,F*CK LOVE 3+: OVER YOU,The Kid LAROI,152,510,32,520,824.0
109,Scorpion,Drake,97,510,92,520,829.0
110,Therapy,Anne-Marie,183,510,8,520,831.0
111,Just Cause Y'all Waited 2 (Deluxe),Lil Durk,71,510,125,520,836.0
112,Goodbye & Good Riddance,Juice WRLD,77,510,119,520,836.0
113,After Hours,The Weeknd,45,510,157,520,842.0
114,The Human Condition,Jon Bellion,151,510,53,520,844.0
115,Asa (Asha),Asa,146,510,61,520,847.0
116,Hot Pink,Doja Cat,500,50,171,520,851.0
117,RESTLESS II,Simi,500,123,98,520,851.0
118,Strings And Bling,Nasty C,141,510,73,520,854.0
119,?,XXXTENTACION,170,510,44,520,854.0
120,THE ANGEL YOU DON'T KNOW,Amaarae,85,510,133,520,858.0
121,East Atlanta Love Letter,6LACK,68,510,152,520,860.0
122,Ignorance is Bliss,Skepta,137,510,83,520,860.0
123,Shiesty Season,Spring Deluxe - Pooh Shiesty,214,67,450,520,861.0
124,Hood Boy Dreams,EP - Jeriq,127,510,95,520,862.0
125,So Much Fun,Young Thug,197,93,450,520,870.0
126,DAMN.,Kendrick Lamar,139,510,94,520,873.0
127,Free Dem Boyz,42 Dugg,164,510,72,520,876.0
128,Die A Legend,Polo G,90,510,147,520,877.0
129,CITIZEN OF THE WORLD,King Perryy,173,125,450,520,878.0
130,TEMPORARY HIGHS IN THE VIOLET SKIES,Snoh Aalegra,150,510,90,520,880.0
131,The King Is Coming,Nathaniel Bassey,109,510,258,34,885.5
132,Common Sense,J Hus,133,510,114,520,887.0
133,All In,EP - Skepta,175,510,77,520,892.0
134,Heavy Is The Head,Stormzy,163,510,91,520,894.0
135,No Love Lost (Deluxe),Blxst,94,510,172,520,906.0
136,Budweiser (Remix),Various Artists,155,510,111,520,906.0
137,Hallelujah Again (Revelation 19:3),Nathaniel Bassey,63,510,332,19,909.75
138,Zero Panic,EP - Balloranking,123,510,256,84,910.0
139,The Mayor of Lagos,Mayorkun,500,167,122,520,919.0
140,Masta Groove,Masterkraft,500,88,203,520,921.0
141,The Life Of Pablo,Kanye West,104,510,180,520,924.0
142,T R A P S O U L (Deluxe),Bryson Tiller,236,109,450,520,925.0
143,Adolescence,Unknown T,148,510,143,520,931.0
144,Free Spirit,Khalid,154,510,139,520,933.0
145,beerbongs & bentleys,Post Malone,138,510,156,520,934.0
146,Lucid,Aṣa,245,510,50,520,935.0
147,When It's All Said And Done... Take Time,GIVĒON,75,510,222,520,937.0
148,Back of My Mind,H.E.R.,112,510,186,520,938.0
149,Championships,Meek Mill,198,510,105,520,943.0
150,All My Demons Greeting Me As A Friend (Deluxe),AURORA,143,510,163,520,946.0
151,Beautiful Thugger Girls,Young Thug,72,510,240,520,952.0
152,Positions (Deluxe),Ariana Grande,186,510,130,520,956.0
153,USEE4YOURSELF,IDK,213,169,450,520,962.0
154,The House Is Burning,Isaiah Rashad,181,510,142,520,963.0
155,W I L D,EP - Lady Donli,180,510,144,520,964.0
156,Pluto x Baby Pluto,Future & Lil Uzi Vert,500,83,251,520,964.0
157,Dark Lane Demo Tapes,Drake,110,510,214,520,964.0
158,Itheep,Moelogo,179,510,145,520,964.0
159,Ayra Starr,EP - Ayra Starr,99,510,227,520,966.0
160,Thank You For Believing (The Manifestation),Toosii,182,510,146,520,968.0
161,SOUR,Olivia Rodrigo,41,510,289,520,970.0
162,Bobby Tarantino III,Logic,191,510,140,520,971.0
163,New Era,Kiss Daniel,500,36,308,520,974.0
164,Future Hndrxx Presents: The WIZRD,Future,216,184,450,520,980.0
165,Meet The Woo,Pop Smoke,185,510,264,97,983.25
166,Love Scars: The 5 Stages Of Emotions (Deluxe),Yung Bleu,500,145,209,520,984.0
167,Graduation,Kanye West,184,510,162,520,986.0
168,Take Care (Deluxe),Drake,193,510,155,520,988.0
169,"WHEN WE ALL FALL ASLEEP, WHERE DO WE GO?",Billie Eilish,237,510,112,520,989.0
170,HOFFA,Dave East & Harry Fraud,201,510,149,520,990.0
171,Fast & Furious 9: The Fast Saga (Original Motion Picture Soundtrack),Various Artists,240,510,110,520,990.0
172,The Search,NF,239,510,117,520,996.0
173,Twelve A.M,Crayon,500,42,450,25,998.25
174,Three,Patoranking,500,53,450,28,1010.0
175,Hoodie SZN,A Boogie Wit Da Hoodie,500,59,321,520,1010.0
176,Project Baby 2: All Grown Up (Deluxe Edition),Kodak Black,234,197,450,520,1011.0
177,PAPER ROUTE iLLUMINATi,Young Dolph & Paper Route Empire,202,510,170,520,1012.0
178,Saturn,EP - Victony,223,510,153,520,1016.0
179,Love Goes,Sam Smith,108,510,268,520,1016.0
180,Duke Hefner,Lil Duke & Young Stoner Life,229,510,148,520,1017.0
181,Omo Charlie Champagne Vol1,Simi,500,55,450,52,1018.0
182,Yellow,Brymo,100,510,282,520,1022.0
183,The Cross: My Gaze,Mercy Chinwo,500,56,450,83,1026.75
184,This Is Acting (Deluxe Version),Sia,158,510,229,520,1027.0
185,Ayo,Wizkid,59,510,450,58,1033.5
186,i am > i was (Deluxe),21 Savage,165,510,233,520,1038.0
187,Bittersweet,Aramide,500,156,252,520,1038.0
188,Deal with It,Phyno,500,74,450,63,1039.75
189,Alagbe,Qdot,500,86,450,16,1040.0
190,Whole Lotta Red,Playboi Carti,210,510,192,520,1042.0
191,LOL (Lord of Lamba),Naira Marley,500,79,450,54,1042.5
192,CALL ME IF YOU GET LOST,"Tyler, The Creator",113,510,291,520,1044.0
193,Drip or Drown 2,Gunna,500,181,234,520,1045.0
194,fever,Megan Thee Stallion,500,194,224,520,1048.0
195,HNDRXX,Future,207,510,201,520,1048.0
196,Maverick City Vol. 3 Part 1,Maverick City Music,232,510,181,520,1053.0
197,Something Else,Mr Eazi,500,80,450,95,1053.75
198,Differences,B Young,225,510,197,520,1062.0
199,In The Dark,Mizzle,168,510,257,520,1065.0
200,The Prodigal,Mr. P,500,102,450,61,1067.25
201,The Prince I Became (Deluxe Version),Ric Hassani,500,99,345,520,1074.0
202,Bigger Than Life Or Death,EST Gee,144,510,296,520,1080.0
203,FATHER OF 4,Offset,169,510,271,520,1080.0
204,The Spirit of Light,Tope Alabi & Ty Bello,209,510,344,82,1083.5
205,Yes and Amen,Tope Alabi,124,510,450,31,1091.75
206,Rema Compilation,Rema,500,12,450,520,1092.0
207,Tha Carter V (Deluxe),Lil Wayne,190,510,263,520,1093.0
208,B4 The Storm,Internet Money,203,510,250,520,1093.0
209,Ecstasy,Lil Kesh,500,139,450,30,1096.5
210,No Bad Songz,Kizz Daniel,500,510,71,75,1099.75
211,Chrome Eccentric Ep,Zinoleesky,500,22,450,520,1102.0
212,The Of,eason - J. Cole,14,510,450,520,1104.0
213,Welcome To The Madhouse (Deluxe),Tones And I,250,510,219,520,1109.0
214,Wins & Losses,Meek Mill,161,510,309,520,1110.0
215,The Golden Boy,KiDi,500,31,450,520,1111.0
216,Seed,Gyakie,500,137,450,100,1112.0
217,TOP PRIZE,ALKALINE,500,38,450,520,1118.0
218,Starboy,The Weeknd,156,510,326,520,1122.0
219,!,Trippie Redd,500,154,450,78,1123.5
220,Afro Series,Terri,500,204,290,520,1124.0
221,Shottaz 4Eva,MO3,500,45,450,520,1125.0
222,Bad Commando,Rema,500,46,450,520,1126.0
223,Culture,Migos,500,52,450,520,1132.0
224,Soundgod Fest Vol.1,Runtown,500,54,450,520,1134.0
225,Heart Break Kodak (HBK),Kodak Black,500,199,305,520,1134.0
226,TattleTales,6ix9ine,500,58,450,520,1138.0
227,Billionaire,Teni,500,60,450,520,1140.0
228,My Beautiful Dark Twisted Fantasy,Kanye West,224,510,277,520,1141.0
229,Hakuna Matata,Dotman,500,61,450,520,1141.0
230,TIME,Yaw Tog,500,62,450,520,1142.0
231,Lil Durk Presents: Loyal Bros,Only The Family,500,70,450,520,1150.0
232,ANTI,Rihanna,217,510,295,520,1152.0
233,Ghetto Lenny's Love Songs,SAINt JHN,62,510,450,520,1152.0
234,Feed tha Streets,Roddy Ricch,171,510,450,93,1154.25
235,Know You,Ladipoe,500,75,450,520,1155.0
236,Chulo Vibes,Timaya,500,76,450,520,1156.0
237,Nobody: The Extended Playlist (Worldwide Remixes),DJ Neptune,500,77,450,520,1157.0
238,Realms,Wande Coal,500,81,450,520,1161.0
239,Trap Symphony EP,Roddy Ricch,500,82,450,520,1162.0
240,Platinum Heart (Deluxe),Toosii,73,510,450,520,1163.0
241,SoundGod Fest Reloaded,Runtown,500,84,450,520,1164.0
242,Send Them To Coventry,Pa Salieu,249,510,276,520,1165.0
243,Until Death Call My Name (Reloaded),YoungBoy Never Broke Again,500,87,450,520,1167.0
244,Stony Hill,"Damian ""Jr. Gong"" Marley",241,510,288,520,1169.0
245,"Spontaneous Praise, Vol. 1",Laolu Gbenjo,212,510,317,520,1169.0
246,Levon James,King Von,500,91,450,520,1171.0
247,Zero Your Mind,EP - Dagizah,82,510,450,520,1172.0
248,Good News,Megan Thee Stallion,500,92,450,520,1172.0
249,Rema Freestyle EP,Rema,500,94,450,520,1174.0
250,IT’S REMBLE,Remble,500,95,450,520,1175.0
251,Viral Infection 1.0,Ayanfe Viral,500,96,450,520,1176.0
252,Too Faithful,Moses Bliss,211,510,450,23,1176.75
253,PINK PLANET,Pink Sweat$,500,97,450,520,1177.0
254,Jubilee: Juneteenth Edition,Maverick City Music,87,510,450,520,1177.0
255,S.C.A.M,G4 Boyz,500,98,450,520,1178.0
256,The Off-Season,J. Cole,500,510,38,520,1178.0
257,Off The Record,Reekado Banks,500,100,450,520,1180.0
258,Feed Tha Streets ll,Roddy Ricch,91,510,450,520,1181.0
259,ZaZa Vibes,L.A.X,500,101,450,520,1181.0
260,On God II,Big Yavo,500,103,450,520,1183.0
261,L.O.V.E. (Deluxe),Luh Kel,500,104,450,520,1184.0
262,Space Jam: A New Legacy (Original Motion Picture Soundtrack),Various Artists,500,510,45,520,1185.0
263,Mixed Emotions,Luh Kel,500,105,450,520,1185.0
264,Nobody Safe,Rich The Kid & YoungBoy Never Broke Again,500,108,450,520,1188.0
265,CLOUDS (THE MIXTAPE),NF,500,510,48,520,1188.0
266,Nicotine,Trevor Daniel,500,110,450,520,1190.0
267,The Beauty of Becoming,Rotimi,500,111,450,520,1191.0
268,Eternal Atake (Deluxe) - LUV vs. The World 2,Lil Uzi Vert,500,112,450,520,1192.0
269,Solid Focus Riddim,"Popcaan, Zamunda, Furnace",500,113,450,520,1193.0
270,The Backend Child,NoCap,500,114,450,520,1194.0
271,Mirage,Mannywellz,194,510,361,520,1195.0
272,PTSD,G Herbo,500,115,450,520,1195.0
273,KOD,J. Cole,500,510,55,520,1195.0
274,A Gangsta's Pain,Moneybagg Yo,106,510,450,520,1196.0
275,My Letter To You Riddim,Various Artists,500,116,450,520,1196.0
276,Greatest Lord,SINACH,500,117,450,520,1197.0
277,The Greatest Showman (Original Motion Picture Soundtrack),"Benj Pasek & Justin Paul, Hugh Jackman, Keala Settle, Zac Efron, Zendaya",107,510,450,520,1197.0
278,4:00 am,BJ The Chicago Kid,500,118,450,520,1198.0
279,Fuji the Sound,EP - K1 De Ultimate,230,510,450,40,1200.0
280,Tropical Depression Riddim,"VARIOUS ARTISTE (KRANIUM, TEEJAY, SHATTA WALE, JAHMEIL & MORE)",500,121,450,520,1201.0
281,Homesick,Trevor Daniel,500,122,450,520,1202.0
282,Honorable,Hotkid,500,124,450,520,1204.0
283,Jackboy,Jackboy,500,126,450,520,1206.0
284,Dum and Dummer 2,Young Dolph & Key Glock,500,127,450,520,1207.0
285,Dying to Live,Kodak Black,117,510,450,520,1207.0
286,Beam Me Up Scotty,Nicki Minaj,118,510,450,520,1208.0
287,Anloga Junction,Stonebwoy,500,129,450,520,1209.0
288,Mandy & The Jungle,Santi,119,510,450,520,1209.0
289,"Grandson, Vol. 1",King Von,500,130,450,520,1210.0
290,Divinely Uninspired To A Hellish Extent (Extended Deluxe),Lewis Capaldi,120,510,450,520,1210.0
291,The Idea Of Her,Ali Gatie,500,131,450,520,1211.0
292,NOT ALL HEROES WEAR CAPES (Deluxe),Metro Boomin,122,510,450,520,1212.0
293,The Erigma II,Erigga,500,510,190,53,1213.25
294,Aje (The Mixtape),Jaywon,500,134,450,520,1214.0
295,Make E No Cause Fight 2,Ajebutter22,500,510,74,520,1214.0
296,Rapture EP,Koffee,500,510,75,520,1215.0
297,PERFECT PICTURE,Dremo,500,135,450,520,1215.0
298,RoadToCDK,Zlatan,500,136,450,520,1216.0
299,Views,Drake,126,510,450,520,1216.0
300,ÌRÌ (The Album Live),Sola Allyson,128,510,450,520,1218.0
301,PLAYBOY,Tory Lanez,130,510,450,520,1220.0
302,Afrodisíaco,Rauw Alejandro,500,140,450,520,1220.0
303,The Lion King: The Gift [Deluxe Edition],Beyoncé,131,510,450,520,1221.0
304,Big Grim Reaper,Big Scarr,500,142,450,520,1222.0
305,Signed to the Streets 3,Lil Durk,132,510,450,520,1222.0
306,Amazing Grace,MEDIKAL,500,143,450,520,1223.0
307,Type Beats| Rap|Afro-Pop|RnB|Trap/HipHop|Trapsoul 2020 instrumentals,Ryzy.A  Beats,500,144,450,520,1224.0
308,Lion of Judah,Phil Thompson,134,510,450,520,1224.0
309,Therapy Session,NF,500,510,85,520,1225.0
310,Trench Baby,Lil Zay Osama,500,146,450,520,1226.0
311,Taste EP,Nandy,500,147,450,520,1227.0
312,23 Is Back,JayDaYoungan,500,148,450,520,1228.0
313,We All Shine,YNW Melly,500,149,450,520,1229.0
314,High Supremacy Riddim,"Various Artiste (Tommy Lee Sparta, Teejay, Jahvinci, Shatta Wale & More)",500,150,450,520,1230.0
315,American Teen,Khalid,140,510,450,520,1230.0
316,Wildboy,Calboy,500,151,450,520,1231.0
317,YOU,Ali Gatie,500,152,450,520,1232.0
318,A Boy From Tandale,Diamond Platnumz,500,153,450,520,1233.0
319,Cray Cray,Crayon,500,155,450,520,1235.0
320,Over It,Summer Walker,145,510,450,520,1235.0
321,Empress,Yemi Alade,500,157,450,520,1237.0
322,Only The Generals Part II,Kevin Gates,500,158,450,520,1238.0
323,Top Shotta,NLE Choppa,500,159,450,520,1239.0
324,Best Of Davido,DaVido,500,510,99,520,1239.0
325,Live From Nkrumah From Vol II: Home Run,Kwesi Arthur,500,160,450,520,1240.0
326,Deezer Sessions,Koffee,500,510,101,520,1241.0
327,Kommunity Service,YG & Mozzy,500,163,450,520,1243.0
328,Rora,Reekado Banks,500,164,450,520,1244.0
329,Gang Signs & Prayer,Stormzy,500,510,104,520,1244.0
330,Ice Daddy,Gucci Mane,500,165,450,520,1245.0
331,Still Taking Risks,Quando Rondo,500,166,450,520,1246.0
332,Gold-Diggers Sound,Leon Bridges,500,510,106,520,1246.0
333,"good kid, m.A.A.d city (Deluxe)",Kendrick Lamar,157,510,450,520,1247.0
334,Artist 2.0,A Boogie Wit da Hoodie,500,168,450,520,1248.0
335,Chilombo (Deluxe Video Version),Jhené Aiko,159,510,450,520,1249.0
336,Billionaire Sheikh Riddim,"Teejay, Shatta Wale, Beenie Man, Demarco & More",500,170,450,520,1250.0
337,Collection One,SAINt JHN,160,510,450,520,1250.0
338,Blackstar,Kelvyn Boy,500,171,450,520,1251.0
339,Kingdom Now,Dunsin Oyekan,500,510,226,62,1251.5
340,Beauty Behind the Madness,The Weeknd,162,510,450,520,1252.0
341,Kpanlogo,Darkovibes,500,172,450,520,1252.0
342,Bando Season,BangBangSG,500,173,450,520,1253.0
343,Silent Battles (Deluxe),Joony,500,174,450,520,1254.0
344,38 Baby 2,YoungBoy Never Broke Again,500,175,450,520,1255.0
345,ADHD,Joyner Lucas,500,510,115,520,1255.0
346,SUPER SLIMEY,Future,500,510,116,520,1256.0
347,Misunderstood,JayDaYoungan,500,176,450,520,1256.0
348,True 2 Myself,Lil Tjay,166,510,450,520,1256.0
349,Afro Streets,Rexxie,500,177,450,520,1257.0
350,Pray 4 Love (Deluxe),Rod Wave,167,510,450,520,1257.0
351,Table For Two,Korede Bello,500,178,450,520,1258.0
352,Space and Time,Justine Skye,500,179,450,520,1259.0
353,CTV3: Cool Tape Vol. 3,Jaden,500,180,450,520,1260.0
354,BABY REAPER EP,YXNG K.A,500,510,120,520,1260.0
355,dont smile at me,Billie Eilish,500,510,123,520,1263.0
356,Living In History,Jackboy,500,183,450,520,1263.0
357,Vince Staples,Vince Staples,174,510,450,520,1264.0
358,STORY TELLER- EP,KOLABOY,500,185,450,520,1265.0
359,Wonder Shall Never End,EP - Ayo Jay,176,510,450,520,1266.0
360,Music To Be Murdered By - Side B (Deluxe Edition),Eminem,500,510,126,520,1266.0
361,For You,Vedo,500,186,450,520,1266.0
362,The Prodigy,Skillibeng,500,187,450,520,1267.0
363,Legendary,Tyga,500,189,450,520,1269.0
364,Kut Da Fan On,HOTBOII,500,190,450,520,1270.0
365,Unorthodox Jukebox,Bruno Mars,500,510,131,520,1271.0
366,With Love 2,Phora,500,191,450,520,1271.0
367,Hip Hop|Trap|Rap Instrumentals Certified 2020 TYPE BEATS,Ryzy.A  Beats,500,192,450,520,1272.0
368,The African Gentleman (Deluxe Version),Ric Hassani,500,193,450,520,1273.0
369,Yeezus,Kanye West,500,510,134,520,1274.0
370,ye,Kanye West,500,510,135,520,1275.0
371,OSAMA,MO3,500,195,450,520,1275.0
372,FUTURE,Future,500,510,136,520,1276.0
373,6locc 6a6y,Lil Loaded,500,196,450,520,1276.0
374,JACKBOYS,JACKBOYS & Travis Scott,187,510,450,520,1277.0
375,Runtown Hits Vol. 1,Runtown,500,198,450,520,1278.0
376,Love Songs 4 the Streets 2,Lil Durk,188,510,450,520,1278.0
377,MI 2: The Movie,M.I Abaga,189,510,450,520,1279.0
378,Lil Durk Presents Only The Family Involved Vol.2,Only The Family,500,200,450,520,1280.0
379,Goat Talk 3,Boosie Badazz,500,201,450,520,1281.0
380,Drip Season 3 (Deluxe),Gunna,192,510,450,520,1282.0
381,Too Deep For Tears,OMB Peezy,500,202,450,520,1282.0
382,Indigo (Extended),Chris Brown,195,510,450,520,1285.0
383,RETURN OF OKOMFO ANOKYE,Jay Bahd,500,205,450,520,1285.0
384,Afrostreets Vol 1,Rexxie,500,206,450,520,1286.0
385,Nothing Was the Same (Deluxe),Drake,196,510,450,520,1286.0
386,Suga,Megan Thee Stallion,500,207,450,520,1287.0
387,L.I.F.E,Leaving an Impact for Eternity (Deluxe Edition) - Burna Boy,200,510,450,520,1290.0
388,lately I feel EVERYTHING,Willow,500,510,150,520,1290.0
389,Heat Of The Moment,Tink,500,510,151,520,1291.0
390,Project X,Ken Car$on,204,510,450,520,1294.0
391,More Life,Drake,205,510,450,520,1295.0
392,Hopeless Romantic,EP - Tomi Thomas,206,510,450,520,1296.0
393,Oṣó,Brymo,208,510,450,520,1298.0
394,There Is More,Hillsong Worship,500,510,159,520,1299.0
395,Storyline,MARVZEHIZ,500,510,160,520,1300.0
396,Life For Rent,Dido,500,510,164,520,1304.0
397,"YP & Azanti, Vol. 1",PsychoYP,500,510,165,520,1305.0
398,KIDS SEE GHOSTS,KIDS SEE GHOSTS,500,510,167,520,1307.0
399,Birds in the Trap Sing McKnight,Travis Scott,218,510,450,520,1308.0
400,Fallen Embers,Illenium,500,510,168,520,1308.0
401,Mars,EP - BadboyMarz,219,510,450,520,1309.0
402,"Afromix, Ep. 2 (DJ Mix)",Spinall,222,510,450,520,1312.0
403,Versatalien,YTB Trench,500,510,173,520,1313.0
404,The Highlights,The Weeknd,500,510,175,520,1315.0
405,Ultimate Collection,Don Moen,226,510,450,520,1316.0
406,BLAME IT ON BABY,DaBaby,500,510,176,520,1316.0
407,Speak Now (Deluxe Package),Taylor Swift,500,510,177,520,1317.0
408,"Afromix, Ep. 1 (DJ Mix)",Spinall,227,510,450,520,1317.0
409,Michigan Boy Boat,Lil Yachty,500,510,178,520,1318.0
410,Hugadem,Agorsor,228,510,450,520,1318.0
411,Old Romance,Tekno,500,510,179,520,1319.0
412,Be Right Back,Jorja Smith,231,510,450,520,1321.0
413,Euphoria (Original Score from the HBO Series),Labrinth,500,510,182,520,1322.0
414,Fetty Wap (Deluxe),Fetty Wap,500,510,183,520,1323.0
415,Get Rich or Die Tryin,50 Cent,233,510,450,520,1323.0
416,Die Lit,Playboi Carti,500,510,184,520,1324.0
417,Street Gossip,Lil Baby,235,510,450,520,1325.0
418,Rema,Rema,500,510,185,520,1325.0
419,Someone's At The Door,Nathaniel Bassey,500,510,187,520,1327.0
420,Painting Pictures,Kodak Black,238,510,450,520,1328.0
421,Glory Sound Prep,Jon Bellion,500,510,188,520,1328.0
422,Amala,Doja Cat,500,510,189,520,1329.0
423,"Wolves & Mustangs, Vol. 1",Alpha P,500,510,191,520,1331.0
424,Dreams & Imaginations,EP - Lil5ive,242,510,450,520,1332.0
425,Street Sermons,Morray ,500,510,193,520,1333.0
426,REAPER SZN (Deluxe),YXNG K.A,500,510,194,520,1334.0
427,Blonde,Frank Ocean,500,510,195,520,1335.0
428,Watch the Throne (Deluxe),JAY-Z & Kanye West,246,510,450,520,1336.0
429,Stoney (Deluxe),Post Malone,247,510,450,520,1337.0
430,Purpose (Deluxe),Justin Bieber,248,510,450,520,1338.0
431,Harder Than Ever,Lil Baby,500,510,198,520,1338.0
432,drinking under the streetlights,Powfu,500,510,199,520,1339.0
433,Thats What They All Say,Jack Harlow,251,510,450,520,1341.0
434,Game Over,Dave,500,510,202,520,1342.0
435,What Happens in Lagos,Ajebutter22,500,510,204,520,1344.0
436,Melodrama,Lorde,500,510,205,520,1345.0
437,Afrobeats Best of 2015,Various Artistes,500,510,206,520,1346.0
438,A Night In Cocody,Jeune Lio,500,510,208,520,1348.0
439,MUSIC FOR THE FREE SPIRITS,AURORA,500,510,210,520,1350.0
440,Speak Your Mind (Deluxe),Anne-Marie,500,510,211,520,1351.0
441,Better Mistakes,Bebe Rexha,500,510,212,520,1352.0
442,El Dorado,24kgoldn,500,510,213,520,1353.0
443,DS2 (Deluxe),Future,500,510,215,520,1355.0
444,Father Of Asahd,DJ Khaled,500,510,217,520,1357.0
445,Revenge Of The Dreamers III,Dreamville,500,510,220,520,1360.0
446,Lemonade,Beyonc\u00e9,500,510,221,520,1361.0
447,The Last Rocket,Takeoff,500,510,223,520,1363.0
448,TIM,Avicii,500,510,225,520,1365.0
449,Imagination & the Misfit Kid,Labrinth,500,510,228,520,1368.0
450,Only Human (Deluxe),Calum Scott,500,510,230,520,1370.0
451,Better Things,Coi Leray,500,510,231,520,1371.0
452,TAKE TIME,Giveon,500,510,235,520,1375.0
453,92 Degrees,A92,500,510,236,520,1376.0
454,The Lion King: Original Broadway Cast Recording,Various Artists,500,510,237,520,1377.0
455,Live Concert Series V,Beautiful Nubia and the Roots Renaissance Band,500,510,238,520,1378.0
456,"Life is Eazi, Vol. 2 - Lagos To London",Mr Eazi,500,510,239,520,1379.0
457,Six Paths,Dave,500,510,241,520,1381.0
458,Kapacity,Kaptain,500,510,352,80,1382.0
459,Best of Burna Boy,Burna Boy,500,510,242,520,1382.0
460,Victory Lap,Nipsey Hussle,500,510,243,520,1383.0
461,Colours of Africa: Live in London,Sonnie Badu,500,510,244,520,1384.0
462,untitled unmastered.,Kendrick Lamar,500,510,245,520,1385.0
463,Playboi Carti,Playboi Carti,500,510,246,520,1386.0
464,Redemption,Burna Boy,500,510,248,520,1388.0
465,Summers,Melvitto,500,510,249,520,1389.0
466,P.U.N,Jaywillz,500,510,253,520,1393.0
467,Music (Songs From And Inspired By The Motion Picture),Sia,500,510,254,520,1394.0
468,Deadpan Love,Cautious Clay,500,510,255,520,1395.0
469,Songs for the Drunk and Broken Hearted,Passenger,500,510,259,520,1399.0
470,HeartWork,Peruzzi,500,510,260,520,1400.0
471,Festival Bar - EP,Davolee,500,510,261,520,1401.0
472,Sin City The Mixtape,Ski Mask the Slump God,500,510,262,520,1402.0
473,Turning Point,Mario,500,510,265,520,1405.0
474,Son Of The Lion,Benjiszzy Zaakii,500,510,266,520,1406.0
475,Seven Degrees North,King Sunny Ade,500,510,267,520,1407.0
476,Can't Slow Down,Lionel Richie,500,510,269,520,1409.0
477,Tradition,Runtown,500,510,270,520,1410.0
478,Gang Business,Anti World Gangstars,500,510,272,520,1412.0
479,Out Here On A Friday Where It Began,Hillsong Young & Free,500,510,273,520,1413.0
480,Twenty,Boyz II Men,500,510,274,520,1414.0
481,Kos'oluwa Laye,Toluwani,500,510,275,520,1415.0
482,Love & Afrobeats,Drik Marley,500,510,278,520,1418.0
483,JAGUAR,Victoria Mon\u00e9t,500,510,279,520,1419.0
484,I Am Not A Human Being II,Lil Wayne,500,510,280,520,1420.0
485,Stillmatic,Nas,500,510,281,520,1421.0
486,Moonlovers: Scarlet Heart Ryeo (Original Television Soundtrack),Various Artists,500,510,283,520,1423.0
487,Elements,Elaine,500,510,284,520,1424.0
488,Last Daze Of Summer,Maleek Berry,500,510,285,520,1425.0
489,Best Of P-Square,P-Square,500,510,286,520,1426.0
490,The Very Best of Enya (Deluxe Edition),Enya,500,510,292,520,1432.0
491,"Deep, Blue - EP",Shalom Dubas,500,510,293,520,1433.0
492,The Hill,Travis Greene,500,510,294,520,1434.0
493,Beautiful Imperfection,A\u1e63a,500,510,297,520,1437.0
494,Moral Instruction,Falz,500,510,298,520,1438.0
495,The Marshall Mathers LP,Eminem,500,510,299,520,1439.0
496,"Thank you, God. For it all.",Childish Major,500,510,300,520,1440.0
497,World War Joy,The Chainsmokers,500,510,301,520,1441.0
498,Trilogy,The Weeknd,500,510,302,520,1442.0
499,C.E.O,Dagrin,500,510,303,520,1443.0
500,Under the Streetlight,Boyz II Men,500,510,304,520,1444.0
501,Hillsong Chapel: Yahweh,Hillsong Worship,500,510,306,520,1446.0
502,KIRK,DaBaby,500,510,307,520,1447.0
503,Greatest Hits,Westlife,500,510,310,520,1450.0
504,Amy Grant Collection,Amy Grant,500,510,311,520,1451.0
505,GREY Area,Little Simz,500,510,312,520,1452.0
506,A Beautiful Exchange (Live),Hillsong Worship,500,510,313,520,1453.0
507,Amunudun,Beautiful Nubia and the Roots Renaissance Band,500,510,314,520,1454.0
508,4:44,Jay-Z,500,510,315,520,1455.0
509,Zanku,Zlatan,500,510,316,520,1456.0
510,Instrumental Beats 2021,Type Beat,500,510,318,520,1458.0
511,Golden Wings,Zoe Wees,500,510,319,520,1459.0
512,Unplugged for the People (The Acoustic Greatest Hits),Tenth Avenue North,500,510,322,520,1462.0
513,In Due Time (Genesis),CalledOut Music,500,510,323,520,1463.0
514,Unstoppable International,2baba,500,510,324,520,1464.0
515,magna cum laude,NA,500,510,450,17,1464.25
516,The People Tour: Live from Madison Square Garden,Hillsong UNITED,500,510,325,520,1465.0
517,Life On Earth - EP,Summer Walker,500,510,327,520,1467.0
518,Know-It-All (Deluxe),Alessia Cara,500,510,328,520,1468.0
519,kairos,NA,500,510,450,36,1469.0
520,Distant Relatives,Damian Marley,500,510,329,520,1469.0
521,born of god,NA,500,510,450,39,1469.75
522,PARANOIA,Maggie Lindemann,500,510,330,520,1470.0
523,Too High To Riot,Bas,500,510,331,520,1471.0
524,you have done me well,NA,500,510,450,47,1471.75
525,the life and times of 50th birthday edition,NA,500,510,450,50,1472.5
526,Brave Enough (Deluxe Edition),Lindsey Stirling,500,510,333,520,1473.0
527,barry back the,NA,500,510,450,55,1473.75
528,Plastic Hearts,Miley Cyrus,500,510,334,520,1474.0
529,flavour of africa,NA,500,510,450,60,1475.0
530,Crossover: Live From Music City,Travis Greene,500,510,335,520,1475.0
531,"thank u, next",Ariana Grande,500,510,336,520,1476.0
532,the harvest,NA,500,510,450,65,1476.25
533,mafia culture,NA,500,510,450,66,1476.5
534,Jesus Culture Collection,Jesus Culture,500,510,337,520,1477.0
535,warriors,NA,500,510,450,69,1477.25
536,you are great,NA,500,510,450,70,1477.5
537,this god is too good,NA,500,510,450,71,1477.75
538,Tha Carter IV (Deluxe),Lil Wayne,500,510,338,520,1478.0
539,country moods,NA,500,510,450,73,1478.25
540,c,NA,500,510,450,74,1478.5
541,A Side Of Me,Nikita Kering,500,510,339,520,1479.0
542,the playmaker,NA,500,510,450,77,1479.25
543,Californian Soil,London Grammar,500,510,340,520,1480.0
544,Sling,Clairo,500,510,341,520,1481.0
545,hymnal,NA,500,510,450,85,1481.25
546,chiomalized,NA,500,510,450,87,1481.75
547,Money Can't Buy Happiness,Fredo,500,510,342,520,1482.0
548,coast to coast,NA,500,510,450,88,1482.0
549,grass 2 grace,NA,500,510,450,90,1482.5
550,by special request vol. 2,NA,500,510,450,91,1482.75
551,His Glory Alone,KB,500,510,343,520,1483.0
552,next level,NA,500,510,450,94,1483.5
553,about 30,NA,500,510,450,96,1484.0
554,faith is rising,NA,500,510,450,98,1484.5
555,asha,NA,500,510,450,99,1484.75
556,F*CK LOVE,The Kid Laroi,500,510,346,520,1486.0
557,MONTERO (Call Me By Your Name),Lil Nas X,500,510,347,520,1487.0
558,Burn The Ships (Deluxe Edition: Remixes & Collaborations),for King & Country,500,510,348,520,1488.0
559,Chrome,Zinoleesky,500,510,349,520,1489.0
560,Just Worship (Live),1spirit & Theophilus Sunday,500,510,350,520,1490.0
561,Unearthly Vibrations,Warsheep,500,510,351,520,1491.0
562,Nectar,Joji,500,510,353,520,1493.0
563,Changes,Justin Bieber,500,510,354,520,1494.0
564,Red Gold Green,Rootz Underground,500,510,355,520,1495.0
565,Legacy (Ahamefuna),Duncan Mighty,500,510,356,520,1496.0
566,Which Way is Forward?,Obongjayar,500,510,357,520,1497.0
567,Royalty (Deluxe Version),Chris Brown,500,510,358,520,1498.0
568,Painted,Lucky Daye,500,510,359,520,1499.0
569,3:05 Musing,Kenah,500,510,360,520,1500.0
